repo_name,easy_file,hard_file
gan74/Yave,yave/utils/DirectDraw.cpp,editor/ImGuiPlatform.cpp
gan74/Yave,editor/Settings.h,editor/ImGuiPlatform.cpp
gan74/Yave,editor/EditorApplication.cpp,editor/ImGuiPlatform.cpp
apple/swift,lib/AST/RequirementMachine/RewriteContext.h,lib/AST/RequirementMachine/Term.h
apple/swift,lib/AST/RequirementMachine/RequirementMachine.cpp,lib/AST/RequirementMachine/Term.h
apple/swift,lib/AST/RequirementMachine/RequirementMachineRequests.cpp,lib/AST/RequirementMachine/Term.h
hjd1964/OCS,src/pinmaps/Pins.Teensy4.1.h,src/observatory/roof/Roof.cpp
hjd1964/OCS,src/observatory/weather/Weather.cpp,src/observatory/roof/Roof.cpp
hjd1964/OCS,src/lib/serial/Serial_IP_Wifi.cpp,src/observatory/roof/Roof.cpp
hjd1964/OCS,src/lib/serial/Serial_IP_Wifi.cpp,src/HAL/HAL_Teensy_4.1.h
hjd1964/OCS,src/lib/serial/Serial_IP_Wifi.h,src/observatory/roof/Roof.cpp
hjd1964/OCS,src/pinmaps/Pins.Teensy3.6.h,src/observatory/roof/Roof.cpp
hjd1964/OCS,src/pinmaps/Pins.Teensy3.6.h,src/HAL/HAL_Teensy_4.1.h
hjd1964/OCS,src/Common.h,src/pages/ThermostatTile.cpp
hjd1964/OCS,src/Common.h,src/HAL/HAL_Teensy_4.1.h
hjd1964/OCS,src/pinmaps/Pins.Teensy4.1.h,src/pages/ThermostatTile.cpp
hjd1964/OCS,src/pages/StatusTile.cpp,src/pages/ThermostatTile.cpp
hjd1964/OCS,src/pinmaps/Pins.Teensy3.5.h,src/HAL/HAL_Teensy_4.1.h
hjd1964/OCS,src/Common.h,src/observatory/roof/Roof.cpp
hjd1964/OCS,src/lib/commands/SerialWrapper.cpp,src/pages/ThermostatTile.cpp
hjd1964/OCS,src/pinmaps/Pins.Teensy3.5.h,src/observatory/roof/Roof.cpp
hjd1964/OCS,src/pages/StatusTile.cpp,src/HAL/HAL_Teensy_4.1.h
hjd1964/OCS,src/lib/serial/Serial_IP_Wifi.h,src/HAL/HAL_Teensy_4.1.h
hjd1964/OCS,src/lib/serial/Serial_IP_Wifi.cpp,src/pages/ThermostatTile.cpp
hjd1964/OCS,src/lib/commands/SerialWrapper.cpp,src/observatory/roof/Roof.cpp
hjd1964/OCS,src/pinmaps/Pins.Teensy4.1.h,src/HAL/HAL_Teensy_4.1.h
hjd1964/OCS,src/pinmaps/Pins.Teensy3.6.h,src/pages/ThermostatTile.cpp
hjd1964/OCS,src/observatory/Observatory.h,src/HAL/HAL_Teensy_4.1.h
hjd1964/OCS,src/observatory/weather/Weather.cpp,src/HAL/HAL_Teensy_4.1.h
hjd1964/OCS,src/observatory/Observatory.h,src/pages/ThermostatTile.cpp
hjd1964/OCS,src/observatory/Observatory.h,src/observatory/roof/Roof.cpp
hjd1964/OCS,src/pages/StatusTile.cpp,src/observatory/roof/Roof.cpp
hjd1964/OCS,src/lib/commands/SerialWrapper.cpp,src/HAL/HAL_Teensy_4.1.h
hjd1964/OCS,src/pinmaps/Pins.Teensy3.5.h,src/pages/ThermostatTile.cpp
hjd1964/OCS,src/observatory/weather/Weather.cpp,src/pages/ThermostatTile.cpp
hjd1964/OCS,src/lib/serial/Serial_IP_Wifi.h,src/pages/ThermostatTile.cpp
Ardour/ardour,gtk2_ardour/triggerbox_ui.h,libs/canvas/table.cc
PowerDNS/pdns,pdns/dnsdistdist/dnsdist-tcp-downstream.hh,pdns/dnsdistdist/dnsdist-tcp-downstream.cc
XCSoar/XCSoar,src/Topography/XShape.cpp,src/Topography/shapelib/mapshape.c
brltty/brltty,Headers/hid_types.h,Programs/gio_hid.c
brltty/brltty,Programs/hid_tables.c,Programs/gio_hid.c
brltty/brltty,Headers/hid_defs.h,Programs/gio_hid.c
brltty/brltty,Headers/hid_inspect.h,Programs/gio_hid.c
brltty/brltty,Headers/hid_items.h,Programs/gio_hid.c
brltty/brltty,Programs/hid_internal.h,Programs/gio_hid.c
brltty/brltty,Programs/usb_hid.c,Drivers/Braille/HumanWare/braille.c
brltty/brltty,Programs/hid_linux.c,Programs/gio_hid.c
brltty/brltty,Programs/hid_items.c,Programs/gio_hid.c
brltty/brltty,Programs/hid_none.c,Programs/gio_hid.c
brltty/brltty,Headers/hid_tables.h,Programs/gio_hid.c
inviwo/inviwo,modules/brushingandlinking/include/modules/brushingandlinking/datastructures/indexlist.h,modules/webbrowser/src/properties/propertycefsynchronizer.cpp
inviwo/inviwo,modules/brushingandlinking/include/modules/brushingandlinking/datastructures/indexlist.h,modules/brushingandlinking/src/brushingandlinkingmanager.cpp
inviwo/inviwo,modules/brushingandlinking/include/modules/brushingandlinking/brushingandlinkingmanager.h,modules/brushingandlinking/src/brushingandlinkingmanager.cpp
inviwo/inviwo,modules/brushingandlinking/include/modules/brushingandlinking/datastructures/indexlist.h,modules/webbrowser/include/modules/webbrowser/properties/propertycefsynchronizer.h
inviwo/inviwo,modules/brushingandlinking/include/modules/brushingandlinking/brushingandlinkingmanager.h,modules/webbrowser/include/modules/webbrowser/properties/propertycefsynchronizer.h
inviwo/inviwo,modules/brushingandlinking/include/modules/brushingandlinking/brushingandlinkingmanager.h,modules/webbrowser/src/properties/propertycefsynchronizer.cpp
pbek/QOwnNotes,src/build_number.h,src/main.cpp
elnormous/ouzel,engine/math/Plane.hpp,engine/scene/Actor.cpp
elnormous/ouzel,engine/scene/ParticleSystem.cpp,engine/scene/Actor.cpp
elnormous/ouzel,engine/scene/Camera.cpp,engine/scene/Actor.cpp
elnormous/ouzel,engine/math/Quaternion.hpp,engine/scene/Actor.cpp
elnormous/ouzel,engine/math/Color.hpp,engine/scene/Actor.cpp
jwt27/libjwdpmi,include/jw/io/ps2_interface.h,include/jw/math.h
jwt27/libjwdpmi,include/jw/thread/detail/thread.h,include/jw/math.h
jwt27/libjwdpmi,include/jw/thread/thread.h,include/jw/math.h
jwt27/libjwdpmi,include/jw/thread/detail/scheduler.h,include/jw/math.h
jwt27/libjwdpmi,include/jw/dpmi/irq.h,include/jw/math.h
jwt27/libjwdpmi,src/debug.cpp,include/jw/math.h
jwt27/libjwdpmi,include/jw/dpmi/detail/irq.h,include/jw/math.h
jwt27/libjwdpmi,include/jw/dpmi/cpu_exception.h,include/jw/math.h
lyusupov/SoftRF,software/firmware/source/SoftRF/src/platform/CC13XX.h,software/firmware/source/SoftRF/src/platform/nRF52.cpp
lyusupov/SoftRF,software/firmware/source/SoftRF/src/platform/PSoC4.h,software/firmware/source/SoftRF/src/platform/nRF52.cpp
lyusupov/SoftRF,software/firmware/source/SoftRF/src/platform/STM32.h,software/firmware/source/SoftRF/src/platform/nRF52.cpp
lyusupov/SoftRF,software/firmware/source/SoftRF/src/protocol/radio/OGNTP.cpp,software/firmware/source/SoftRF/src/platform/nRF52.cpp
systemd/systemd,src/shared/cgroup-show.c,src/shared/watchdog.c
trflynn89/libfly,fly/types/bit_stream/detail/bit_stream_concepts.hpp,fly/types/string/formatters.hpp
trflynn89/libfly,fly/types/bit_stream/detail/bit_stream_concepts.hpp,fly/types/string/detail/classifier.hpp
trflynn89/libfly,fly/types/bit_stream/detail/bit_stream_concepts.hpp,fly/types/json/json_concepts.hpp
trflynn89/libfly,fly/types/bit_stream/detail/bit_stream_concepts.hpp,fly/types/string/detail/format_parameters.hpp
Andrettin/Wyrmgus,src/database/preferences.h,src/util/image_util.cpp
Andrettin/Wyrmgus,src/editor/editloop.cpp,src/game/game.cpp
Andrettin/Wyrmgus,src/database/defines.cpp,src/util/image_util.cpp
Andrettin/Wyrmgus,src/database/defines.cpp,src/unit/unit.h
Andrettin/Wyrmgus,src/database/defines.h,src/util/image_util.cpp
Andrettin/Wyrmgus,src/database/preferences.h,src/unit/unit.h
Andrettin/Wyrmgus,src/unit/unit_find.cpp,src/video/graphic.cpp
Andrettin/Wyrmgus,src/unit/unit_find.cpp,src/map/map.cpp
Andrettin/Wyrmgus,src/editor/editloop.cpp,src/map/map.cpp
Andrettin/Wyrmgus,src/unit/unit_find.cpp,src/game/game.cpp
Andrettin/Wyrmgus,src/editor/editloop.cpp,src/video/graphic.cpp
Andrettin/Wyrmgus,src/database/defines.h,src/unit/unit.h
GNOME/libgweather,libgweather/gweather-private.h,libgweather/gweather-weather.c
XZiar/RayRenderer,WindowHost/WindowHost.cpp,OpenGLUtil/GLFuncWrapper.cpp
XZiar/RayRenderer,WindowHost/WindowHost.cpp,OpenGLUtil/GLFuncWrapper.h
opencog/atomspace,opencog/atoms/reduct/ArithmeticLink.cc,opencog/atoms/core/PutLink.cc
opencog/atomspace,opencog/atoms/reduct/HeavisideLink.cc,opencog/atoms/reduct/AccumulateLink.cc
opencog/atomspace,opencog/atomspace/AtomTable.h,opencog/atomspace/AtomTable.cc
opencog/atomspace,opencog/guile/SchemeSmob.h,opencog/atomspace/AtomTable.cc
opencog/atomspace,opencog/atoms/reduct/ArithmeticLink.h,opencog/atoms/pattern/PatternLink.cc
opencog/atomspace,opencog/atoms/reduct/ArithmeticLink.cc,opencog/atoms/pattern/PatternLink.cc
opencog/atomspace,opencog/atoms/reduct/ArithmeticLink.cc,opencog/atoms/execution/Instantiator.cc
opencog/atomspace,opencog/atoms/reduct/ArithmeticLink.h,opencog/atoms/execution/Instantiator.cc
opencog/atomspace,opencog/atoms/reduct/ArithmeticLink.h,opencog/atoms/core/PutLink.cc
opencog/atomspace,opencog/query/InitiateSearchMixin.cc,opencog/atoms/reduct/AccumulateLink.cc
acassen/keepalived,keepalived/vrrp/vrrp.c,lib/scheduler.c
acassen/keepalived,keepalived/vrrp/vrrp.c,lib/scheduler.h
libretro/RetroArch,input/input_driver.h,retroarch.h
floooh/sokol-samples,sapp/compressed-textures-sapp.c,libs/basisu/sokol_basisu.cpp
bradharding/doomretro,src/wi_stuff.c,src/st_stuff.c
bradharding/doomretro,src/m_config.c,src/st_stuff.c
bradharding/doomretro,src/p_spec.c,src/st_stuff.c
sekiguchi-nagisa/ydsh,src/core.h,src/type_checker.h
sekiguchi-nagisa/ydsh,src/builtin.h,src/type_checker.h
sekiguchi-nagisa/ydsh,src/core.h,src/vm.h
sekiguchi-nagisa/ydsh,src/builtin.h,src/vm.cpp
sekiguchi-nagisa/ydsh,src/builtin.h,src/vm.h
sekiguchi-nagisa/ydsh,src/builtin.h,src/codegen.cpp
sekiguchi-nagisa/ydsh,src/core.h,src/vm.cpp
sekiguchi-nagisa/ydsh,src/core.h,src/codegen.cpp
sergeykhbr/riscv_vhdl,debugger/src/cpu_sysc_plugin/cpu_riscv_rtl.cpp,debugger/src/cpu_sysc_plugin/riverlib/core/execute.cpp
sergeykhbr/riscv_vhdl,debugger/src/cpu_sysc_plugin/cpu_riscv_rtl.h,debugger/src/cpu_sysc_plugin/riverlib/core/execute.cpp
sergeykhbr/riscv_vhdl,debugger/src/gui_plugin/MainWindow/DbgMainWindow.cpp,debugger/src/cpu_sysc_plugin/riverlib/core/execute.cpp
sergeykhbr/riscv_vhdl,debugger/src/libdbg64g/api_core.cpp,debugger/src/cpu_fnc_plugin/cpu_riscv_func.cpp
sergeykhbr/riscv_vhdl,debugger/src/cpu_sysc_plugin/cpu_riscv_rtl.cpp,debugger/src/cpu_sysc_plugin/riverlib/core/proc.cpp
sergeykhbr/riscv_vhdl,debugger/src/cpu_sysc_plugin/cpu_riscv_rtl.h,debugger/src/cpu_sysc_plugin/riverlib/core/proc.cpp
sergeykhbr/riscv_vhdl,debugger/src/gui_plugin/MainWindow/DbgMainWindow.cpp,debugger/src/cpu_sysc_plugin/riverlib/core/proc.cpp
JNechaevsky/russian-doom,src_dos/m_menu.c,src/heretic/mn_menu.c
beached/header_libraries,include/daw/daw_not_null.h,include/daw/daw_tuple2.h
beached/header_libraries,include/daw/daw_logic.h,include/daw/daw_tuple2.h
pjrinaldi/wombatforensics,verevidencedialog.cpp,imagefunctions.cpp
pjrinaldi/wombatforensics,verevidencedialog.cpp,digging.cpp
pjrinaldi/wombatforensics,verevidencedialog.cpp,newcase.cpp
gottcode/xfce4-whiskermenu-plugin,panel-plugin/settings.cpp,panel-plugin/window.cpp
stefanhendriks/Dune-II---The-Maker,managers/cDrawManager.cpp,gameobjects/units/cUnit.h
stefanhendriks/Dune-II---The-Maker,managers/cDrawManager.cpp,gameobjects/units/cUnit.cpp
stefanhendriks/Dune-II---The-Maker,managers/cDrawManager.cpp,utils/cTimeManager.cpp
